cluster,count,avg_charges,avg_premium
0,418,8462.774077126795,10216.829
1,324,13281.7340175,15880.748
2,316,15271.55561079114,18310.525
3,280,18176.042970857143,21946.92
