region,count,mean_resid,mae
northeast,324,-32.13806162993708,1931.5782875731397
northwest,325,1.1608267561899572,1777.6037461408052
southeast,364,-99.15117909469433,1711.784562918956
southwest,325,38.67083826736772,1411.6870095474158
