sex,count,mean_resid,mae
female,662,-16.12992995914367,1732.3466636173764
male,676,-33.84682898366714,1684.359394023914
