model,rmse,mae,r2
xgb,4510.0616315960215,2488.612864495671,0.8689802117843881
rf,4606.455419689543,2526.841551335728,0.8633197751138368
nn,5673.956735460278,3979.1665928076027,0.7926309302077552
linear,5796.284659276274,4181.1944737536505,0.7835929767120722
ridge,5798.29879541548,4186.913071783839,0.7834425531348183
